{"A": 97.8903863810344, "B": 0.28981781894350295}